{
    "Accuracy": 86.32970185022243,
    "AUC": 0.9197225819365422,
    "Precision": 0.7461546365659548,
    "Recall": 0.8700028436381072,
    "GM": NaN
}