{
    "Accuracy": 88.47780411593578,
    "AUC": 0.9569129529141082,
    "Precision": 0.7686373393248327,
    "Recall": 0.9220985327888933,
    "GM": 13.663916195450309
}