{
    "Accuracy": 74.40405046480744,
    "AUC": 0.891867340881625,
    "Precision": 0.6616632632879518,
    "Recall": 0.8455957740880644,
    "GM": NaN
}