{"Accuracy":{"0":74.5148572377,"1":74.5356075697,"2":74.6094787517,"3":74.3563247012,"4":74.7302456839},"AUC":{"0":0.9019044014,"1":0.9004145072,"2":0.9014289553,"3":0.9011497603,"4":0.8970614313},"Precision":{"0":0.6752686524,"1":0.6615261783,"2":0.6734989995,"3":0.6708008923,"4":0.6634806802},"Recall":{"0":0.8655321006,"1":0.8624407291,"2":0.8642657957,"3":0.8641943438,"4":0.8553507034},"GM":{"0":null,"1":null,"2":null,"3":182.1059024285,"4":null}}