{"Accuracy":{"0":83.8919311549,"1":84.2105534291,"2":83.9349464498,"3":83.6596391361,"4":83.1504114776},"AUC":{"0":0.8896842875,"1":0.8895955606,"2":0.8938245087,"3":0.8926761176,"4":0.8829300326},"Precision":{"0":0.4247141609,"1":0.4082369488,"2":0.4275840836,"3":0.4188837927,"4":0.4310126349},"Recall":{"0":0.8120714891,"1":0.8114208549,"2":0.8203537713,"3":0.8184239424,"4":0.7994743998},"GM":{"0":221.2447799633,"1":234.6671110702,"2":null,"3":221.0287425703,"4":220.3264372142}}