{
    "Accuracy": 83.58022885143615,
    "AUC": 0.8802763572819632,
    "Precision": 0.4258501557855018,
    "Recall": 0.7936322070740739,
    "GM": NaN
}