{
    "Accuracy": 83.5410772461173,
    "AUC": 0.88504777513067,
    "Precision": 0.5395975345357293,
    "Recall": 0.8039646757092123,
    "GM": NaN
}