{"Accuracy":{"0":89.2870170319,"1":89.2320211005,"2":89.30553607,"3":89.2965571425,"4":89.2831488922},"AUC":{"0":0.9634266015,"1":0.9627074663,"2":0.9627609423,"3":0.9644178984,"4":0.9631929841},"Precision":{"0":0.8006604701,"1":0.7995887162,"2":0.8014349256,"3":0.8014983483,"4":0.8025762979},"Recall":{"0":0.9345795041,"1":0.9331701253,"2":0.9332273393,"3":0.9365438162,"4":0.9341104223},"GM":{"0":null,"1":14.9414480391,"2":null,"3":null,"4":15.0604721459}}