{
    "Accuracy": 89.10902201630572,
    "AUC": 0.9604692263571118,
    "Precision": 0.7944079437146965,
    "Recall": 0.9287763277534256,
    "GM": 14.668654007593375
}