{
    "Accuracy": 96.60225884156581,
    "AUC": 0.9914175782525818,
    "Precision": 0.9911139231029137,
    "Recall": 0.9910450731681657,
    "GM": NaN
}