{
    "Accuracy": 96.47285248293299,
    "AUC": 0.9911102062725528,
    "Precision": 0.9907817336534586,
    "Recall": 0.9907408525109885,
    "GM": NaN
}