{
    "Accuracy": 96.17753202625414,
    "AUC": 0.9770625985979816,
    "Precision": 0.8724131668462691,
    "Recall": 0.9567937291517348,
    "GM": NaN
}