{"Accuracy":{"0":96.2697591963,"1":96.2206909651,"2":96.2085558112,"3":96.3309625815,"4":96.2618449655},"AUC":{"0":0.9779921502,"1":0.9778776212,"2":0.9776931331,"3":0.9786332119,"4":0.9784279644},"Precision":{"0":0.8784604172,"1":0.8786826561,"2":0.8733096715,"3":0.8735559339,"4":0.8761023015},"Recall":{"0":0.9585923475,"1":0.958395888,"2":0.9580346039,"3":0.9598265597,"4":0.9594667214},"GM":{"0":15.2594938221,"1":14.4614122006,"2":null,"3":15.3114370249,"4":null}}