{
    "Accuracy": 90.41750320122675,
    "AUC": 0.9740471492606221,
    "Precision": 0.9469505522665779,
    "Recall": 0.9715958585427185,
    "GM": 230.47782873050878
}