{
    "Accuracy": 63.930743677362244,
    "AUC": 0.9104301282264635,
    "Precision": 0.743186905224926,
    "Recall": 0.8496407902364012,
    "GM": 14.402992291698029
}