{"Accuracy":{"0":80.2796766898,"1":80.6245717789,"2":79.6980686905,"3":79.9721817971,"4":79.0894690072},"AUC":{"0":0.8700664548,"1":0.8674488406,"2":0.8711490061,"3":0.872211706,"4":0.8642918851},"Precision":{"0":0.3350700576,"1":0.3233991655,"2":0.3366317754,"3":0.3307913549,"4":0.3423150742},"Recall":{"0":0.7787844213,"1":0.7732128835,"2":0.7817686589,"3":0.7836424445,"4":0.7688136855},"GM":{"0":null,"1":null,"2":null,"3":230.5025561504,"4":207.9829667344}}