{
    "Accuracy": 92.54944950782311,
    "AUC": 0.9450710584709875,
    "Precision": 0.7253007207646959,
    "Recall": 0.9063937156964808,
    "GM": NaN
}