{
    "Accuracy": 83.2035192563081,
    "AUC": 0.9576491691638873,
    "Precision": 0.9583244785465914,
    "Recall": 0.9573491210349065,
    "GM": 230.95613954827172
}