{
    "Accuracy": 93.70153700960039,
    "AUC": 0.9526810409277013,
    "Precision": 0.7649988747092493,
    "Recall": 0.9191925751517701,
    "GM": 213.4166607231515
}