{"Accuracy":{"0":93.7777216833,"1":93.804767228,"2":93.8992978461,"3":93.8225559262,"4":93.7136012982},"AUC":{"0":0.9542354612,"1":0.9527424351,"2":0.9551909984,"3":0.9554172085,"4":0.9550631741},"Precision":{"0":0.7669103152,"1":0.7672198981,"2":0.7688148095,"3":0.7688073991,"4":0.755498349},"Recall":{"0":0.92214506,"1":0.919120512,"2":0.9238262049,"3":0.9244590088,"4":0.9239624123},"GM":{"0":null,"1":102.7406168307,"2":null,"3":null,"4":204.1614459859}}