{
    "Accuracy": 50.539861201131885,
    "AUC": 0.8366295756103728,
    "Precision": 0.5360556504360838,
    "Recall": 0.7698289075862477,
    "GM": 205.76009402611234
}