{
    "Accuracy": 76.7011952191235,
    "AUC": 0.9409769774123427,
    "Precision": 0.9375764684096466,
    "Recall": 0.9401296014412888,
    "GM": NaN
}