{
    "Accuracy": 83.39674634794156,
    "AUC": 0.9581385795457389,
    "Precision": 0.9587947543581707,
    "Recall": 0.9578420141648045,
    "GM": 220.54752291185767
}