{
    "Accuracy": 68.71043889623925,
    "AUC": 0.9223120555052386,
    "Precision": 0.7608375058201107,
    "Recall": 0.8693871447421104,
    "GM": NaN
}