{
    "Accuracy": 50.27032429396815,
    "AUC": 0.8524994212373292,
    "Precision": 0.5448709056875397,
    "Recall": 0.744831882338368,
    "GM": NaN
}