{"Accuracy":{"0":66.6911520584,"1":66.692812085,"2":66.5073041169,"3":66.687001992,"4":66.4873837981},"AUC":{"0":0.817763682,"1":0.8169022254,"2":0.8177305461,"3":0.8159173407,"4":0.8165497252},"Precision":{"0":0.2439642689,"1":0.2460218728,"2":0.2384903252,"3":0.2361970682,"4":0.2470594509},"Recall":{"0":0.7122509135,"1":0.7100136178,"2":0.7123644438,"3":0.7080344742,"4":0.7100760952},"GM":{"0":214.388310626,"1":null,"2":229.5875981492,"3":131.4933018569,"4":null}}