{
    "Accuracy": 95.35825084946077,
    "AUC": 0.9729751461790104,
    "Precision": 0.8504228081466988,
    "Recall": 0.9492032868743665,
    "GM": NaN
}