{
    "Accuracy": 49.04047657806727,
    "AUC": 0.7591512370548401,
    "Precision": 0.2533323220810722,
    "Recall": 0.6025191470456126,
    "GM": 205.49738029509285
}