{"Accuracy":{"0":88.6932854457,"1":88.5709475575,"2":88.6545638205,"3":88.6427789781,"4":88.6591169274},"AUC":{"0":0.9597360967,"1":0.9589845515,"2":0.9590870634,"3":0.960551769,"4":0.9595211712},"Precision":{"0":0.7807789761,"1":0.7820654118,"2":0.7788573703,"3":0.775716829,"4":0.7805130294},"Recall":{"0":0.9276064963,"1":0.9261777142,"2":0.9263267952,"3":0.9292610305,"4":0.9271931708},"GM":{"0":15.187213595,"1":null,"2":13.9538037166,"3":null,"4":null}}