{
    "Accuracy": 73.5132802124834,
    "AUC": 0.8865279309646715,
    "Precision": 0.5855634088757866,
    "Recall": 0.8379753906392027,
    "GM": NaN
}