{
    "Accuracy": 79.07149014114859,
    "AUC": 0.897576451933588,
    "Precision": 0.27943199782421124,
    "Recall": 0.8098931816897789,
    "GM": NaN
}