{"Accuracy":{"0":82.1207104576,"1":81.9035326468,"2":81.899604366,"3":82.0803052835,"4":81.9951065119},"AUC":{"0":0.9183465752,"1":0.9122110424,"2":0.9165259811,"3":0.916123101,"4":0.9191825607},"Precision":{"0":0.3220995474,"1":0.3186988244,"2":0.3220351396,"3":0.325451088,"4":0.3318789534},"Recall":{"0":0.8493466985,"1":0.8372454644,"2":0.8458592744,"3":0.8449412651,"4":0.851115504},"GM":{"0":15.2895768788,"1":null,"2":null,"3":null,"4":15.1392965465}}