{
    "Accuracy": 81.92184750206515,
    "AUC": 0.9136358603641298,
    "Precision": 0.32081749684021127,
    "Recall": 0.8400741649853023,
    "GM": NaN
}