{"Accuracy":{"0":79.1615926373,"1":79.166643284,"2":79.1902129689,"3":79.4651926261,"4":79.2363464949},"AUC":{"0":0.9060579821,"1":0.902788707,"2":0.8979331234,"3":0.9059958237,"4":0.9047897276},"Precision":{"0":0.2817491481,"1":0.280406007,"2":0.28010734,"3":0.2827146491,"4":0.2843006748},"Recall":{"0":0.826779106,"1":0.8202755251,"2":0.8105165981,"3":0.8264768093,"4":0.8242177367},"GM":{"0":13.4173748819,"1":10.9306956574,"2":14.4606097367,"3":null,"4":null}}