{
    "Accuracy": 96.56784664110135,
    "AUC": 0.991347507679918,
    "Precision": 0.9910369792253344,
    "Recall": 0.9909870892001238,
    "GM": NaN
}