{"Accuracy":{"0":92.5848843739,"1":92.5676267406,"2":92.7201120973,"3":92.6328126006,"4":92.50557008},"AUC":{"0":0.9458353998,"1":0.9454811331,"2":0.9469963127,"3":0.9473550213,"4":0.9478633828},"Precision":{"0":0.7322357851,"1":0.7282474772,"2":0.7540029941,"3":0.7414652645,"4":0.7308650822},"Recall":{"0":0.9078425786,"1":0.9072659336,"2":0.9099277392,"3":0.9108424857,"4":0.9121269757},"GM":{"0":231.6215028664,"1":null,"2":211.7984773879,"3":193.0587187986,"4":193.1396404365}}