{"Accuracy":{"0":62.6112217795,"1":62.1796148738,"2":62.5435756972,"3":62.578436255,"4":62.3356573705},"AUC":{"0":0.8012971193,"1":0.7936805517,"2":0.7990908175,"3":0.7916531578,"4":0.7975649341},"Precision":{"0":0.2129916977,"1":0.2082800469,"2":0.2089577562,"3":0.2082276252,"4":0.2260411874},"Recall":{"0":0.6864414904,"1":0.671521619,"2":0.6817074451,"3":0.6669721738,"4":0.6793175224},"GM":{"0":212.4059555622,"1":233.5072801115,"2":null,"3":218.0722029528,"4":null}}