{
    "Accuracy": 62.40471447543161,
    "AUC": 0.792567589019209,
    "Precision": 0.2086225224746261,
    "Recall": 0.669179579182407,
    "GM": NaN
}