{
    "Accuracy": 72.79814077025233,
    "AUC": 0.8708175175695045,
    "Precision": 0.562762721946261,
    "Recall": 0.8068907387959583,
    "GM": NaN
}