{"Accuracy":{"0":72.822875166,"1":72.8631308101,"2":72.948622178,"3":72.7822045153,"4":72.9984229748},"AUC":{"0":0.8762923828,"1":0.8730654688,"2":0.8763686709,"3":0.8752841175,"4":0.8786846566},"Precision":{"0":0.5512130877,"1":0.5693847503,"2":0.5599421267,"3":0.5540776167,"4":0.5536540892},"Recall":{"0":0.8178584755,"1":0.8112039701,"2":0.8176638563,"3":0.8157764394,"4":0.8223122773},"GM":{"0":199.7667756407,"1":null,"2":null,"3":null,"4":220.7863394838}}