{
    "Accuracy": 79.91275373846317,
    "AUC": 0.8660319113028502,
    "Precision": 0.3338067749812534,
    "Recall": 0.7712447303601897,
    "GM": NaN
}