{
    "Accuracy": 88.97133914033229,
    "AUC": 0.9695312808903243,
    "Precision": 0.9433417982458745,
    "Recall": 0.9660344494222042,
    "GM": 195.7883153661078
}