{
    "Accuracy": 92.57232228777255,
    "AUC": 0.9774492011909044,
    "Precision": 0.9563158890105106,
    "Recall": 0.9725066192722308,
    "GM": 220.68580751267626
}