{
    "Accuracy": 73.21314741035857,
    "AUC": 0.8781862735274366,
    "Precision": 0.6014582750893898,
    "Recall": 0.8207643074951918,
    "GM": NaN
}