{"Accuracy":{"0":73.1988711819,"1":73.2897576361,"2":73.3760790173,"3":73.1739707835,"4":73.4632304117},"AUC":{"0":0.8843539456,"1":0.8812392657,"2":0.8831370372,"3":0.884875286,"4":0.8845602889},"Precision":{"0":0.584954707,"1":0.5987556782,"2":0.6019368036,"3":0.5917472037,"4":0.589540595},"Recall":{"0":0.8332253104,"1":0.8267023574,"2":0.8303007107,"3":0.8341469423,"4":0.8330919785},"GM":{"0":null,"1":null,"2":null,"3":null,"4":179.3234506743}}