{
    "Accuracy": 56.11723226998947,
    "AUC": 0.7836613751388013,
    "Precision": 0.30750227689215687,
    "Recall": 0.6416467431047657,
    "GM": 225.99590508264197
}