{
    "Accuracy": 46.94029069380063,
    "AUC": 0.8303571340838614,
    "Precision": 0.4350521555002902,
    "Recall": 0.7027624355777314,
    "GM": 14.107084028281507
}