{
    "Accuracy": 83.67853449549416,
    "AUC": 0.9175351766049896,
    "Precision": 0.35248786295819157,
    "Recall": 0.8465016950205981,
    "GM": 15.070149895716082
}