{"Accuracy":{"0":83.3859190005,"1":83.8169807737,"2":83.8343920815,"3":84.183145854,"4":83.9003440052},"AUC":{"0":0.9189596064,"1":0.9202983718,"2":0.9197898681,"3":0.9218848121,"4":0.9202572812},"Precision":{"0":0.3495913573,"1":0.3554719764,"2":0.35126102,"3":0.3547238081,"4":0.3458360408},"Recall":{"0":0.8495805537,"1":0.8519744424,"2":0.8508987363,"3":0.8548697024,"4":0.851817455},"GM":{"0":null,"1":14.3605162731,"2":15.320657964,"3":14.6020321352,"4":null}}