{
    "Accuracy": 66.45318725099601,
    "AUC": 0.8125642634574468,
    "Precision": 0.23871865406856402,
    "Recall": 0.702056540181996,
    "GM": 227.03031391702507
}