{
    "Accuracy": 82.80667555476793,
    "AUC": 0.8885240830276159,
    "Precision": 0.60346708184932,
    "Recall": 0.8117697249150951,
    "GM": NaN
}