{
    "Accuracy": 74.28996000442639,
    "AUC": 0.9263133102836248,
    "Precision": 0.8122178862575692,
    "Recall": 0.9145413061953273,
    "GM": 219.47293950865614
}