{
    "Accuracy": 83.44787516600266,
    "AUC": 0.9582603786665675,
    "Precision": 0.9589488122590424,
    "Recall": 0.9579646266327919,
    "GM": 223.70369546153154
}