{
    "Accuracy": 87.78802524112024,
    "AUC": 0.933215819901915,
    "Precision": 0.4006132720269887,
    "Recall": 0.8750618924419513,
    "GM": NaN
}