{"Accuracy":{"0":87.7250279636,"1":87.816305426,"2":87.9329084271,"3":88.1133528903,"4":87.9181351962},"AUC":{"0":0.9364083213,"1":0.9385780766,"2":0.9355411828,"3":0.940335411,"4":0.9367331062},"Precision":{"0":0.4019443659,"1":0.4077805802,"2":0.3992808696,"3":0.4011623032,"4":0.4019159021},"Recall":{"0":0.8814979285,"1":0.8857821006,"2":0.8796178805,"3":0.8890705015,"4":0.8820103933},"GM":{"0":15.0608402155,"1":14.6251787428,"2":15.1131562394,"3":null,"4":null}}