{
    "Accuracy": 62.2873813761791,
    "AUC": 0.9058702985454424,
    "Precision": 0.7367885554050331,
    "Recall": 0.8419121754670089,
    "GM": NaN
}