{
    "Accuracy": 87.76981647092626,
    "AUC": 0.9517605563672293,
    "Precision": 0.7199586070336002,
    "Recall": 0.9122740860338865,
    "GM": 13.401369960988372
}