{"Accuracy":{"0":88.0024692051,"1":87.8228906535,"2":87.9250259547,"3":87.9143634782,"4":87.9357561337},"AUC":{"0":0.9564558651,"1":0.9552601978,"2":0.9552332505,"3":0.9560448185,"4":0.9546538054},"Precision":{"0":0.7445321153,"1":0.7509057644,"2":0.7398499258,"3":0.7408964086,"4":0.7426236937},"Recall":{"0":0.9215195274,"1":0.9192370759,"2":0.919114501,"3":0.9207467261,"4":0.9179493488},"GM":{"0":null,"1":null,"2":null,"3":14.7334717767,"4":null}}