{
    "Accuracy": 94.84456450625753,
    "AUC": 0.9701355382042353,
    "Precision": 0.8187131711269117,
    "Recall": 0.9438955491249539,
    "GM": NaN
}