{"Accuracy":{"0":94.9486102611,"1":94.8721060296,"2":94.781883798,"3":94.9712977228,"4":94.8900449528},"AUC":{"0":0.9715603989,"1":0.9719844545,"2":0.9701841025,"3":0.9727608333,"4":0.9716135013},"Precision":{"0":0.8348370268,"1":0.8359490014,"2":0.8199430902,"3":0.8221400347,"4":0.8385950341},"Recall":{"0":0.9466769534,"1":0.9475769409,"2":0.944040155,"3":0.9490538221,"4":0.9468177789},"GM":{"0":14.9094888873,"1":null,"2":15.1755495072,"3":null,"4":14.5786956779}}