{
    "Accuracy": 91.86264792609825,
    "AUC": 0.9400775680500957,
    "Precision": 0.6863923447412082,
    "Recall": 0.8978105403047194,
    "GM": NaN
}