{"Accuracy":{"0":91.9270336962,"1":91.9120942524,"2":92.0473219759,"3":91.9873272631,"4":91.8332968434},"AUC":{"0":0.9419949933,"1":0.9417555052,"2":0.9430088784,"3":0.9433290069,"4":0.9436446892},"Precision":{"0":0.7141428294,"1":0.7180952203,"2":0.7301043003,"3":0.6959429804,"4":0.7198505847},"Recall":{"0":0.9015065731,"1":0.9011863475,"2":0.9033625158,"3":0.9041279296,"4":0.9050762761},"GM":{"0":217.9150944424,"1":null,"2":null,"3":null,"4":null}}