{"Accuracy":{"0":95.4355992656,"1":95.3728130342,"2":95.3358799569,"3":95.4841398814,"4":95.3680644957},"AUC":{"0":0.9738199055,"1":0.9739945279,"2":0.9737376613,"3":0.9748877188,"4":0.9739985172},"Precision":{"0":0.8597063661,"1":0.8567778468,"2":0.8423894465,"3":0.8517301236,"4":0.8564515361},"Recall":{"0":0.9508459904,"1":0.9512346929,"2":0.9507494081,"3":0.9529386723,"4":0.9512439858},"GM":{"0":14.9157630204,"1":null,"2":14.1714998532,"3":14.006396022,"4":null}}