{
    "Accuracy": 90.72987969710861,
    "AUC": 0.9740649206014929,
    "Precision": 0.9470227396080155,
    "Recall": 0.9708586019616823,
    "GM": 222.30887835899463
}